日期,开盘价,最高价,最低价,收盘价,涨跌额,涨跌幅,成交量,成交金额,振幅,换手率
2014-01-02,3.58,3.59,3.56,3.58,0.00,0.00,"403,770","14,432",0.84,0.02
2014-01-03,3.57,3.58,3.55,3.56,-0.02,-0.56,"435,310","15,505",0.84,0.02
2014-01-06,3.56,3.56,3.51,3.55,-0.01,-0.28,"698,466","24,659",1.40,0.03
2014-01-07,3.53,3.55,3.51,3.55,0.00,0.00,"412,385","14,570",1.13,0.02
2014-01-08,3.54,3.58,3.53,3.57,0.02,0.56,"519,444","18,460",1.41,0.02
2014-01-09,3.56,3.58,3.51,3.53,-0.04,-1.12,"446,216","15,831",1.96,0.02
2014-01-10,3.53,3.55,3.50,3.53,0.00,0.00,"417,337","14,671",1.42,0.02
2014-01-13,3.54,3.55,3.52,3.54,0.01,0.28,"444,107","15,723",0.85,0.02
2014-01-14,3.53,3.53,3.50,3.52,-0.02,-0.57,"437,080","15,354",0.85,0.02
2014-01-15,3.51,3.52,3.44,3.46,-0.06,-1.70,"708,147","24,514",2.27,0.03
2014-01-16,3.45,3.46,3.42,3.43,-0.03,-0.87,"773,813","26,532",1.16,0.03
2014-01-17,3.41,3.42,3.40,3.41,-0.02,-0.58,"610,188","20,812",0.58,0.02
2014-01-20,3.41,3.42,3.38,3.40,-0.01,-0.29,"525,165","17,821",1.17,0.02
2014-01-21,3.39,3.42,3.38,3.40,0.00,0.00,"518,005","17,603",1.18,0.02
2014-01-22,3.40,3.43,3.39,3.43,0.03,0.88,"782,298","26,748",1.18,0.03
2014-01-23,3.41,3.42,3.39,3.40,-0.03,-0.87,"532,037","18,121",0.87,0.02
2014-01-24,3.40,3.41,3.39,3.40,0.00,0.00,"495,226","16,832",0.59,0.02
2014-01-27,3.39,3.40,3.33,3.36,-0.04,-1.18,"993,854","33,407",2.06,0.04
2014-01-28,3.36,3.40,3.35,3.39,0.03,0.89,"500,113","16,868",1.49,0.02
2014-01-29,3.38,3.44,3.38,3.44,0.05,1.47,"602,625","20,603",1.77,0.02
2014-01-30,3.43,3.44,3.40,3.41,-0.03,-0.87,"277,530","9,479",1.16,0.01
2014-02-07,3.39,3.40,3.37,3.40,-0.01,-0.29,"278,756","9,441",0.88,0.01
2014-02-10,3.41,3.43,3.40,3.42,0.02,0.59,"495,087","16,911",0.88,0.02
2014-02-11,3.41,3.47,3.39,3.45,0.03,0.88,"991,579","34,080",2.34,0.04
2014-02-12,3.44,3.45,3.43,3.44,-0.01,-0.29,"398,125","13,694",0.58,0.02
2014-02-13,3.43,3.48,3.42,3.44,0.00,0.00,"734,776","25,319",1.74,0.03
2014-02-14,3.45,3.45,3.42,3.43,-0.01,-0.29,"355,154","12,199",0.87,0.01
2014-02-17,3.44,3.46,3.43,3.44,0.01,0.29,"514,046","17,707",0.87,0.02
2014-02-18,3.44,3.45,3.42,3.43,-0.01,-0.29,"421,805","14,498",0.87,0.02
2014-02-19,3.43,3.52,3.42,3.48,0.05,1.46,"860,474","29,848",2.92,0.03
2014-02-20,3.47,3.50,3.43,3.44,-0.04,-1.15,"557,895","19,332",2.01,0.02
2014-02-21,3.44,3.45,3.42,3.44,0.00,0.00,"288,344","9,905",0.87,0.01
2014-02-24,3.42,3.42,3.36,3.37,-0.07,-2.03,"606,592","20,485",1.74,0.02
2014-02-25,3.37,3.39,3.36,3.37,0.00,0.00,"450,424","15,189",0.89,0.02
2014-02-26,3.36,3.38,3.32,3.34,-0.03,-0.89,"406,690","13,618",1.78,0.02
2014-02-27,3.34,3.36,3.32,3.36,0.02,0.60,"651,819","21,762",1.20,0.02
2014-02-28,3.35,3.35,3.32,3.34,-0.02,-0.60,"540,628","18,027",0.89,0.02
2014-03-03,3.33,3.35,3.31,3.33,-0.01,-0.30,"653,268","21,725",1.20,0.02
2014-03-04,3.33,3.34,3.31,3.34,0.01,0.30,"516,743","17,172",0.90,0.02
2014-03-05,3.34,3.34,3.31,3.32,-0.02,-0.60,"406,228","13,497",0.90,0.02
2014-03-06,3.32,3.34,3.30,3.33,0.01,0.30,"392,029","13,025",1.20,0.01
2014-03-07,3.33,3.34,3.31,3.33,0.00,0.00,"372,931","12,409",0.90,0.01
2014-03-10,3.32,3.32,3.25,3.26,-0.07,-2.10,"660,833","21,739",2.10,0.03
2014-03-11,3.26,3.26,3.20,3.23,-0.03,-0.92,"836,438","26,975",1.84,0.03
2014-03-12,3.22,3.23,3.20,3.23,0.00,0.00,"544,832","17,510",0.93,0.02
2014-03-13,3.24,3.32,3.23,3.27,0.04,1.24,"828,319","27,110",2.79,0.03
2014-03-14,3.25,3.26,3.22,3.24,-0.03,-0.92,"531,061","17,172",1.22,0.02
2014-03-17,3.24,3.26,3.22,3.25,0.01,0.31,"379,254","12,307",1.23,0.01
2014-03-18,3.26,3.27,3.24,3.26,0.01,0.31,"368,116","11,995",0.92,0.01
2014-03-19,3.25,3.28,3.24,3.28,0.02,0.61,"466,844","15,214",1.23,0.02
2014-03-20,3.27,3.32,3.26,3.28,0.00,0.00,"621,259","20,502",1.83,0.02
2014-03-21,3.27,3.37,3.27,3.34,0.06,1.83,"1,264,707","42,179",3.05,0.05
2014-03-24,3.35,3.39,3.34,3.38,0.04,1.20,"745,279","25,098",1.50,0.03
2014-03-25,3.38,3.38,3.35,3.36,-0.02,-0.59,"333,138","11,206",0.89,0.01
2014-03-26,3.36,3.40,3.36,3.40,0.04,1.19,"505,887","17,130",1.19,0.02
2014-03-27,3.39,3.42,3.36,3.38,-0.02,-0.59,"436,238","14,791",1.76,0.02
2014-03-28,3.39,3.49,3.38,3.46,0.08,2.37,"1,019,660","35,193",3.25,0.04
2014-03-31,3.47,3.49,3.43,3.45,-0.01,-0.29,"607,985","21,033",1.73,0.02
2014-04-01,3.45,3.47,3.44,3.45,0.00,0.00,"385,529","13,325",0.87,0.01
2014-04-02,3.45,3.46,3.42,3.44,-0.01,-0.29,"566,735","19,506",1.16,0.02
2014-04-03,3.45,3.45,3.41,3.42,-0.02,-0.58,"523,155","17,954",1.16,0.02
2014-04-04,3.41,3.44,3.40,3.43,0.01,0.29,"313,934","10,760",1.17,0.01
2014-04-08,3.43,3.50,3.42,3.50,0.07,2.04,"940,741","32,659",2.33,0.04
2014-04-09,3.49,3.51,3.47,3.48,-0.02,-0.57,"547,617","19,095",1.14,0.02
2014-04-10,3.48,3.56,3.47,3.55,0.07,2.01,"971,001","34,169",2.59,0.04
2014-04-11,3.55,3.55,3.51,3.52,-0.03,-0.85,"801,352","28,282",1.13,0.03
2014-04-14,3.53,3.54,3.49,3.50,-0.02,-0.57,"467,054","16,392",1.42,0.02
2014-04-15,3.49,3.50,3.44,3.46,-0.04,-1.14,"347,110","12,044",1.71,0.01
2014-04-16,3.46,3.51,3.44,3.50,0.04,1.16,"523,771","18,234",2.02,0.02
2014-04-17,3.50,3.50,3.46,3.48,-0.02,-0.57,"291,827","10,151",1.14,0.01
2014-04-18,3.46,3.47,3.44,3.47,-0.01,-0.29,"249,784","8,638",0.86,0.01
2014-04-21,3.46,3.49,3.44,3.44,-0.03,-0.86,"281,674","9,766",1.44,0.01
2014-04-22,3.43,3.47,3.43,3.45,0.01,0.29,"272,780","9,401",1.16,0.01
2014-04-23,3.44,3.45,3.42,3.44,-0.01,-0.29,"335,395","11,516",0.87,0.01
2014-04-24,3.43,3.47,3.41,3.42,-0.02,-0.58,"375,714","12,919",1.74,0.01
2014-04-25,3.44,3.46,3.42,3.45,0.03,0.88,"411,856","14,206",1.17,0.02
2014-04-28,3.46,3.47,3.45,3.46,0.01,0.29,"441,036","15,266",0.58,0.02
2014-04-29,3.45,3.46,3.44,3.45,-0.01,-0.29,"378,904","13,076",0.58,0.01
2014-04-30,3.45,3.45,3.41,3.44,-0.01,-0.29,"322,449","11,057",1.16,0.01
2014-05-05,3.42,3.43,3.39,3.42,-0.02,-0.58,"427,510","14,555",1.16,0.02
2014-05-06,3.42,3.43,3.39,3.40,-0.02,-0.58,"490,640","16,740",1.17,0.02
2014-05-07,3.40,3.42,3.40,3.42,0.02,0.59,"317,288","10,826",0.59,0.01
2014-05-08,3.40,3.45,3.40,3.43,0.01,0.29,"412,584","14,169",1.46,0.02
2014-05-09,3.44,3.47,3.43,3.45,0.02,0.58,"455,994","15,747",1.17,0.02
2014-05-12,3.45,3.50,3.44,3.48,0.03,0.87,"687,883","23,912",1.74,0.03
2014-05-13,3.49,3.49,3.45,3.46,-0.02,-0.57,"386,032","13,373",1.15,0.01
2014-05-14,3.46,3.48,3.44,3.45,-0.01,-0.29,"376,448","13,015",1.16,0.01
2014-05-15,3.45,3.48,3.44,3.47,0.02,0.58,"365,033","12,645",1.16,0.01
2014-05-16,3.47,3.49,3.46,3.48,0.01,0.29,"384,866","13,389",0.86,0.01
2014-05-19,3.47,3.48,3.44,3.46,-0.02,-0.57,"429,141","14,837",1.15,0.02
2014-05-20,3.47,3.48,3.45,3.47,0.01,0.29,"366,560","12,703",0.87,0.01
2014-05-21,3.46,3.49,3.45,3.49,0.02,0.58,"376,128","13,080",1.15,0.01
2014-05-22,3.48,3.52,3.48,3.50,0.01,0.29,"466,326","16,346",1.15,0.02
2014-05-23,3.50,3.52,3.49,3.52,0.02,0.57,"296,705","10,408",0.86,0.01
2014-05-26,3.53,3.53,3.50,3.51,-0.01,-0.28,"308,996","10,866",0.85,0.01
2014-05-27,3.51,3.55,3.51,3.53,0.02,0.57,"437,589","15,450",1.14,0.02
2014-05-28,3.53,3.58,3.53,3.57,0.04,1.13,"476,970","16,977",1.42,0.02
2014-05-29,3.58,3.59,3.56,3.57,0.00,0.00,"337,061","12,046",0.84,0.01
2014-05-30,3.57,3.58,3.55,3.56,-0.01,-0.28,"474,432","16,877",0.84,0.02
2014-06-03,3.56,3.60,3.56,3.58,0.02,0.56,"514,137","18,445",1.12,0.02
2014-06-04,3.59,3.60,3.56,3.57,-0.01,-0.28,"497,487","17,802",1.12,0.02
2014-06-05,3.57,3.63,3.56,3.63,0.06,1.68,"752,307","27,155",1.96,0.03
2014-06-06,3.63,3.65,3.61,3.61,-0.02,-0.55,"609,430","22,104",1.10,0.02
2014-06-09,3.61,3.68,3.61,3.66,0.05,1.39,"503,788","18,410",1.94,0.02
2014-06-10,3.66,3.74,3.66,3.73,0.07,1.91,"962,859","35,642",2.19,0.04
2014-06-11,3.72,3.75,3.68,3.72,-0.01,-0.27,"797,624","29,602",1.88,0.03
2014-06-12,3.70,3.73,3.69,3.71,-0.01,-0.27,"470,827","17,460",1.08,0.02
2014-06-13,3.70,3.74,3.70,3.74,0.03,0.81,"637,150","23,710",1.08,0.02
2014-06-16,3.74,3.78,3.72,3.78,0.04,1.07,"962,022","36,054",1.60,0.04
2014-06-17,3.76,3.78,3.70,3.73,-0.05,-1.32,"1,074,292","40,124",2.12,0.04
2014-06-18,3.73,3.74,3.69,3.74,0.01,0.27,"1,101,706","40,964",1.34,0.04
2014-06-19,3.73,3.74,3.69,3.71,-0.03,-0.80,"919,292","34,101",1.34,0.03
2014-06-20,3.45,3.46,3.37,3.45,0.00,0.00,"1,069,966","36,545",2.61,0.04
2014-06-23,3.44,3.44,3.41,3.41,-0.04,-1.16,"551,313","18,866",0.87,0.02
2014-06-24,3.41,3.42,3.39,3.42,0.01,0.29,"548,924","18,706",0.88,0.02
2014-06-25,3.41,3.41,3.37,3.38,-0.04,-1.17,"512,791","17,347",1.17,0.02
2014-06-26,3.38,3.40,3.37,3.39,0.01,0.30,"481,945","16,319",0.89,0.02
2014-06-27,3.39,3.40,3.37,3.39,0.00,0.00,"334,728","11,334",0.89,0.01
2014-06-30,3.39,3.41,3.38,3.39,0.00,0.00,"306,464","10,424",0.89,0.01
2014-07-01,3.40,3.41,3.38,3.39,0.00,0.00,"432,986","14,700",0.89,0.02
2014-07-02,3.39,3.42,3.38,3.41,0.02,0.59,"429,136","14,605",1.18,0.02
2014-07-03,3.40,3.43,3.40,3.42,0.01,0.29,"402,427","13,732",0.88,0.02
2014-07-04,3.42,3.43,3.41,3.42,0.00,0.00,"347,687","11,896",0.58,0.01
2014-07-07,3.42,3.45,3.41,3.45,0.03,0.88,"385,688","13,256",1.17,0.01
2014-07-08,3.45,3.48,3.44,3.47,0.02,0.58,"560,558","19,409",1.16,0.02
2014-07-09,3.47,3.47,3.42,3.42,-0.05,-1.44,"416,573","14,359",1.44,0.02
2014-07-10,3.42,3.46,3.41,3.45,0.03,0.88,"566,091","19,496",1.46,0.02
2014-07-11,3.44,3.47,3.44,3.44,-0.01,-0.29,"289,527","9,989",0.87,0.01
2014-07-14,3.45,3.46,3.43,3.45,0.01,0.29,"479,152","16,496",0.87,0.02
2014-07-15,3.46,3.47,3.44,3.47,0.02,0.58,"588,124","20,312",0.87,0.02
2014-07-16,3.46,3.47,3.45,3.46,-0.01,-0.29,"435,997","15,073",0.58,0.02
2014-07-17,3.45,3.45,3.43,3.45,-0.01,-0.29,"351,238","12,087",0.58,0.01
2014-07-18,3.43,3.46,3.43,3.45,0.00,0.00,"418,429","14,406",0.87,0.02
2014-07-21,3.45,3.45,3.41,3.42,-0.03,-0.87,"402,663","13,815",1.16,0.02
2014-07-22,3.41,3.45,3.41,3.43,0.01,0.29,"531,474","18,225",1.17,0.02
2014-07-23,3.43,3.45,3.42,3.44,0.01,0.29,"487,619","16,769",0.87,0.02
2014-07-24,3.44,3.49,3.43,3.48,0.04,1.16,"942,442","32,706",1.74,0.04
2014-07-25,3.49,3.52,3.48,3.52,0.04,1.15,"683,397","23,936",1.15,0.03
2014-07-28,3.53,3.62,3.53,3.60,0.08,2.27,"2,174,888","78,045",2.56,0.08
2014-07-29,3.60,3.61,3.57,3.59,-0.01,-0.28,"1,117,543","40,156",1.11,0.04
2014-07-30,3.59,3.60,3.55,3.57,-0.02,-0.56,"948,511","33,955",1.39,0.04
2014-07-31,3.57,3.60,3.55,3.60,0.03,0.84,"746,022","26,656",1.40,0.03
2014-08-01,3.59,3.62,3.58,3.59,-0.01,-0.28,"1,025,432","36,998",1.11,0.04
2014-08-04,3.59,3.62,3.58,3.61,0.02,0.56,"981,561","35,336",1.11,0.04
2014-08-05,3.61,3.62,3.57,3.59,-0.02,-0.55,"1,027,057","36,865",1.39,0.04
2014-08-06,3.58,3.59,3.55,3.58,-0.01,-0.28,"728,212","25,988",1.11,0.03
2014-08-07,3.57,3.58,3.51,3.52,-0.06,-1.68,"1,022,451","36,309",1.96,0.04
2014-08-08,3.52,3.53,3.47,3.51,-0.01,-0.28,"841,176","29,516",1.70,0.03
2014-08-11,3.51,3.59,3.50,3.56,0.05,1.42,"848,387","30,121",2.56,0.03
2014-08-12,3.57,3.57,3.52,3.53,-0.03,-0.84,"482,512","17,064",1.40,0.02
2014-08-13,3.53,3.54,3.50,3.51,-0.02,-0.57,"764,475","26,902",1.13,0.03
2014-08-14,3.52,3.54,3.50,3.51,0.00,0.00,"534,690","18,825",1.14,0.02
2014-08-15,3.51,3.53,3.50,3.52,0.01,0.28,"494,038","17,389",0.85,0.02
2014-08-18,3.52,3.54,3.50,3.51,-0.01,-0.28,"769,531","27,073",1.14,0.03
2014-08-19,3.52,3.52,3.50,3.52,0.01,0.28,"520,168","18,250",0.57,0.02
2014-08-20,3.51,3.53,3.50,3.52,0.00,0.00,"476,807","16,741",0.85,0.02
2014-08-21,3.51,3.52,3.48,3.50,-0.02,-0.57,"598,790","20,945",1.14,0.02
2014-08-22,3.50,3.51,3.49,3.51,0.01,0.29,"458,916","16,072",0.57,0.02
2014-08-25,3.51,3.51,3.48,3.50,-0.01,-0.28,"621,283","21,713",0.85,0.02
2014-08-26,3.49,3.51,3.48,3.49,-0.01,-0.29,"555,531","19,387",0.86,0.02
2014-08-27,3.49,3.49,3.47,3.49,0.00,0.00,"483,916","16,842",0.57,0.02
2014-08-28,3.48,3.49,3.43,3.44,-0.05,-1.43,"611,436","21,123",1.72,0.02
2014-08-29,3.45,3.48,3.43,3.46,0.02,0.58,"689,338","23,821",1.45,0.03
2014-09-01,3.47,3.50,3.45,3.48,0.02,0.58,"656,467","22,856",1.45,0.02
2014-09-02,3.48,3.53,3.47,3.52,0.04,1.15,"940,038","32,818",1.72,0.04
2014-09-03,3.52,3.56,3.51,3.55,0.03,0.85,"890,318","31,528",1.42,0.03
2014-09-04,3.56,3.59,3.54,3.59,0.04,1.13,"809,546","28,902",1.41,0.03
2014-09-05,3.59,3.61,3.58,3.61,0.02,0.56,"977,110","35,162",0.84,0.04
2014-09-09,3.61,3.61,3.58,3.59,-0.02,-0.55,"499,126","17,931",0.83,0.02
2014-09-10,3.58,3.58,3.55,3.56,-0.03,-0.84,"665,184","23,691",0.84,0.03
2014-09-11,3.56,3.60,3.54,3.55,-0.01,-0.28,"601,616","21,442",1.69,0.02
2014-09-12,3.55,3.57,3.54,3.57,0.02,0.56,"292,577","10,397",0.85,0.01
2014-09-15,3.55,3.57,3.53,3.57,0.00,0.00,"678,200","24,041",1.12,0.03
2014-09-16,3.56,3.58,3.54,3.55,-0.02,-0.56,"1,196,466","42,600",1.12,0.05
2014-09-17,3.56,3.57,3.54,3.56,0.01,0.28,"742,102","26,417",0.85,0.03
2014-09-18,3.56,3.57,3.53,3.56,0.00,0.00,"774,496","27,507",1.12,0.03
2014-09-19,3.56,3.56,3.53,3.56,0.00,0.00,"858,291","30,412",0.84,0.03
2014-09-22,3.54,3.55,3.48,3.49,-0.07,-1.97,"731,006","25,664",1.97,0.03
2014-09-23,3.49,3.50,3.48,3.50,0.01,0.29,"541,459","18,906",0.57,0.02
2014-09-24,3.48,3.55,3.48,3.54,0.04,1.14,"1,196,884","42,062",2.00,0.05
2014-09-25,3.56,3.56,3.53,3.55,0.01,0.28,"997,465","35,427",0.85,0.04
2014-09-26,3.54,3.56,3.52,3.55,0.00,0.00,"489,637","17,353",1.13,0.02
2014-09-29,3.54,3.55,3.51,3.52,-0.03,-0.85,"823,598","29,054",1.13,0.03
2014-09-30,3.52,3.53,3.51,3.53,0.01,0.28,"674,663","23,743",0.57,0.03
2014-10-08,3.53,3.54,3.49,3.53,0.00,0.00,"1,035,548","36,367",1.42,0.04
2014-10-09,3.52,3.53,3.51,3.52,-0.01,-0.28,"701,508","24,666",0.57,0.03
2014-10-10,3.51,3.52,3.50,3.51,-0.01,-0.28,"668,586","23,426",0.57,0.03
2014-10-13,3.50,3.51,3.48,3.48,-0.03,-0.85,"828,471","28,876",0.85,0.03
2014-10-14,3.48,3.50,3.48,3.48,0.00,0.00,"514,249","17,921",0.57,0.02
2014-10-15,3.48,3.51,3.47,3.50,0.02,0.57,"510,453","17,818",1.15,0.02
2014-10-16,3.49,3.53,3.48,3.52,0.02,0.57,"895,556","31,438",1.43,0.03
2014-10-17,3.52,3.52,3.50,3.52,0.00,0.00,"688,790","24,181",0.57,0.03
2014-10-20,3.52,3.53,3.50,3.52,0.00,0.00,"564,222","19,840",0.85,0.02
2014-10-21,3.52,3.52,3.49,3.51,-0.01,-0.28,"656,451","23,023",0.85,0.02
2014-10-22,3.50,3.53,3.49,3.50,-0.01,-0.28,"946,627","33,229",1.14,0.04
2014-10-23,3.50,3.53,3.49,3.52,0.02,0.57,"931,504","32,770",1.14,0.04
2014-10-24,3.51,3.53,3.50,3.52,0.00,0.00,"760,485","26,744",0.85,0.03
2014-10-27,3.51,3.52,3.48,3.49,-0.03,-0.85,"668,997","23,400",1.14,0.03
2014-10-28,3.49,3.53,3.49,3.52,0.03,0.86,"575,108","20,180",1.15,0.02
2014-10-29,3.52,3.56,3.51,3.54,0.02,0.57,"1,127,216","39,832",1.42,0.04
2014-10-30,3.55,3.60,3.54,3.59,0.05,1.41,"1,489,665","53,228",1.69,0.06
2014-10-31,3.59,3.69,3.59,3.66,0.07,1.95,"2,169,956","79,028",2.79,0.08
2014-11-03,3.67,3.67,3.62,3.63,-0.03,-0.82,"1,270,581","46,281",1.37,0.05
2014-11-04,3.63,3.66,3.61,3.64,0.01,0.28,"1,051,043","38,114",1.38,0.04
2014-11-05,3.64,3.65,3.57,3.58,-0.06,-1.65,"1,974,283","70,921",2.20,0.07
2014-11-06,3.58,3.59,3.54,3.57,-0.01,-0.28,"1,173,599","41,847",1.40,0.04
2014-11-07,3.56,3.61,3.54,3.57,0.00,0.00,"1,401,026","50,076",1.96,0.05
2014-11-10,3.60,3.67,3.59,3.67,0.10,2.80,"1,929,556","70,042",2.24,0.07
2014-11-11,3.69,3.92,3.69,3.81,0.14,3.81,"5,598,216","213,914",6.27,0.21
2014-11-12,3.78,3.78,3.72,3.76,-0.05,-1.31,"1,775,730","66,575",1.57,0.07
2014-11-13,3.76,3.83,3.75,3.76,0.00,0.00,"1,864,775","70,637",2.13,0.07
2014-11-14,3.78,3.79,3.74,3.78,0.02,0.53,"1,319,533","49,618",1.33,0.05
2014-11-17,3.88,3.89,3.74,3.75,-0.03,-0.79,"2,171,022","82,721",3.97,0.08
2014-11-18,3.79,3.80,3.71,3.72,-0.03,-0.80,"1,522,533","56,974",2.40,0.06
2014-11-19,3.70,3.72,3.67,3.69,-0.03,-0.81,"1,079,677","39,862",1.34,0.04
2014-11-20,3.68,3.70,3.65,3.68,-0.01,-0.27,"923,723","33,957",1.36,0.03
2014-11-21,3.69,3.75,3.67,3.73,0.05,1.36,"1,114,660","41,348",2.17,0.04
2014-11-24,3.70,3.78,3.68,3.73,0.00,0.00,"1,756,372","65,736",2.68,0.07
2014-11-25,3.73,3.79,3.72,3.77,0.04,1.07,"1,603,068","60,206",1.88,0.06
2014-11-26,3.77,3.82,3.75,3.82,0.05,1.33,"2,489,965","94,488",1.86,0.09
2014-11-27,3.84,3.85,3.81,3.83,0.01,0.26,"3,064,360","117,492",1.05,0.12
2014-11-28,3.83,4.05,3.82,4.04,0.21,5.48,"8,537,071","335,678",6.01,0.32
2014-12-01,4.05,4.16,4.00,4.01,-0.03,-0.74,"6,506,807","263,952",3.96,0.25
2014-12-02,3.98,4.22,3.96,4.18,0.17,4.24,"6,677,991","273,054",6.48,0.25
2014-12-03,4.16,4.26,4.08,4.10,-0.08,-1.91,"6,488,922","269,779",4.31,0.25
2014-12-04,4.10,4.28,4.08,4.27,0.17,4.15,"7,137,844","298,576",4.88,0.27
2014-12-05,4.30,4.68,4.22,4.59,0.32,7.49,"10,246,444","458,028",10.77,0.39
2014-12-08,4.49,4.75,4.38,4.63,0.04,0.87,"8,713,063","396,608",8.06,0.33
2014-12-09,4.54,4.62,4.17,4.20,-0.43,-9.29,"11,371,610","507,555",9.72,0.43
2014-12-10,4.17,4.33,4.07,4.30,0.10,2.38,"6,160,825","257,493",6.19,0.23
2014-12-11,4.21,4.31,4.17,4.20,-0.10,-2.33,"3,721,973","157,430",3.26,0.14
2014-12-12,4.22,4.30,4.18,4.21,0.01,0.24,"3,137,928","132,765",2.86,0.12
2014-12-15,4.18,4.19,4.07,4.13,-0.08,-1.90,"3,420,451","140,831",2.85,0.13
2014-12-16,4.12,4.27,4.12,4.25,0.12,2.91,"4,723,266","197,836",3.63,0.18
2014-12-17,4.27,4.52,4.21,4.47,0.22,5.18,"9,964,655","434,431",7.29,0.38
2014-12-18,4.46,4.47,4.32,4.35,-0.12,-2.68,"5,480,074","240,349",3.36,0.21
2014-12-19,4.34,4.45,4.31,4.41,0.06,1.38,"6,054,376","265,766",3.22,0.23
2014-12-22,4.46,4.80,4.46,4.71,0.30,6.80,"17,465,551","817,231",7.71,0.66
2014-12-23,4.60,4.67,4.46,4.48,-0.23,-4.88,"7,783,032","356,494",4.46,0.29
2014-12-24,4.51,4.53,4.26,4.33,-0.15,-3.35,"6,245,798","272,039",6.03,0.24
2014-12-25,4.38,4.50,4.34,4.46,0.13,3.00,"5,493,031","243,254",3.70,0.21
2014-12-26,4.47,4.64,4.45,4.62,0.16,3.59,"6,707,735","304,865",4.26,0.25
2014-12-29,4.78,4.82,4.55,4.61,-0.01,-0.22,"8,862,667","417,421",5.84,0.33
2014-12-30,4.61,4.78,4.57,4.71,0.10,2.17,"6,966,028","326,824",4.56,0.26
2014-12-31,4.73,4.92,4.65,4.87,0.16,3.40,"10,502,947","504,960",5.73,0.40
2015-01-05,4.93,5.15,4.90,5.06,0.19,3.90,"13,658,517","684,923",5.13,0.52
2015-01-06,5.00,5.36,4.95,5.10,0.04,0.79,"14,975,615","767,275",8.10,0.57
2015-01-07,5.00,5.10,4.95,5.04,-0.06,-1.18,"8,105,967","407,679",2.94,0.30
2015-01-08,5.05,5.07,4.80,4.83,-0.21,-4.17,"6,920,491","339,652",5.36,0.26
2015-01-09,4.82,5.15,4.74,4.88,0.05,1.04,"9,915,904","490,594",8.49,0.37
2015-01-12,4.85,4.92,4.72,4.82,-0.06,-1.23,"5,470,374","263,884",4.10,0.21
2015-01-13,4.79,4.86,4.78,4.82,0.00,0.00,"2,685,262","129,259",1.66,0.10
2015-01-14,4.84,4.97,4.83,4.89,0.07,1.45,"5,396,965","264,552",2.90,0.20
2015-01-15,4.89,5.12,4.85,5.09,0.20,4.09,"6,232,085","309,354",5.52,0.23
2015-01-16,5.12,5.27,5.10,5.15,0.06,1.18,"7,868,540","407,321",3.34,0.30
2015-01-19,4.80,4.93,4.64,4.64,-0.51,-9.90,"9,924,687","472,521",5.63,0.37
2015-01-20,4.66,4.74,4.53,4.64,0.00,0.00,"6,479,209","301,798",4.53,0.24
2015-01-21,4.68,4.98,4.64,4.92,0.28,6.03,"7,928,434","379,753",7.33,0.30
2015-01-22,4.92,4.93,4.80,4.88,-0.04,-0.81,"5,696,593","277,081",2.64,0.21
2015-01-23,4.91,5.13,4.91,4.98,0.10,2.05,"9,319,396","466,411",4.51,0.35
2015-01-26,4.97,4.99,4.84,4.93,-0.05,-1.00,"5,326,525","261,490",3.01,0.20
2015-01-27,4.93,4.93,4.69,4.78,-0.15,-3.04,"7,041,010","337,643",4.87,0.26
2015-01-28,4.73,4.77,4.65,4.69,-0.09,-1.88,"5,512,968","259,129",2.51,0.21
2015-01-29,4.61,4.64,4.53,4.56,-0.13,-2.77,"5,775,369","264,339",2.35,0.22
2015-01-30,4.59,4.62,4.51,4.54,-0.02,-0.44,"4,194,274","191,273",2.41,0.16
2015-02-02,4.48,4.48,4.38,4.41,-0.13,-2.86,"5,080,242","225,069",2.20,0.19
2015-02-03,4.45,4.51,4.37,4.50,0.09,2.04,"5,615,866","249,137",3.17,0.21
2015-02-04,4.50,4.53,4.40,4.41,-0.09,-2.00,"4,643,943","207,414",2.89,0.17
2015-02-05,4.59,4.61,4.39,4.40,-0.01,-0.23,"7,609,649","342,693",4.99,0.29
2015-02-06,4.37,4.38,4.27,4.30,-0.10,-2.27,"5,037,135","218,215",2.50,0.19
2015-02-09,4.27,4.34,4.24,4.30,0.00,0.00,"4,755,478","203,683",2.33,0.18
2015-02-10,4.29,4.36,4.27,4.36,0.06,1.40,"4,510,464","195,096",2.09,0.17
2015-02-11,4.31,4.36,4.30,4.33,-0.03,-0.69,"2,963,370","128,218",1.38,0.11
2015-02-12,4.32,4.35,4.28,4.34,0.01,0.23,"2,973,674","128,286",1.62,0.11
2015-02-13,4.36,4.46,4.35,4.44,0.10,2.30,"4,825,031","212,703",2.53,0.18
2015-02-16,4.43,4.44,4.39,4.42,-0.02,-0.45,"2,371,066","104,701",1.13,0.09
2015-02-17,4.43,4.52,4.43,4.49,0.07,1.58,"3,255,811","146,031",2.04,0.12
2015-02-25,4.49,4.53,4.46,4.49,0.00,0.00,"3,161,084","142,151",1.56,0.12
2015-02-26,4.47,4.61,4.46,4.59,0.10,2.23,"5,011,624","227,332",3.34,0.19
2015-02-27,4.60,4.62,4.54,4.58,-0.01,-0.22,"3,811,562","174,725",1.74,0.14
2015-03-02,4.59,4.61,4.54,4.57,-0.01,-0.22,"3,072,297","140,342",1.53,0.11
2015-03-03,4.54,4.55,4.40,4.40,-0.17,-3.72,"4,399,418","196,496",3.28,0.16
2015-03-04,4.40,4.43,4.36,4.38,-0.02,-0.45,"2,484,734","109,171",1.59,0.09
2015-03-05,4.35,4.37,4.28,4.31,-0.07,-1.60,"2,953,411","127,516",2.05,0.11
2015-03-06,4.32,4.36,4.30,4.34,0.03,0.70,"2,195,382","95,129",1.39,0.08
2015-03-09,4.36,4.56,4.31,4.52,0.18,4.15,"5,269,589","234,441",5.76,0.20
2015-03-10,4.47,4.48,4.41,4.42,-0.10,-2.21,"3,422,440","152,025",1.55,0.13
2015-03-11,4.43,4.52,4.43,4.46,0.04,0.91,"3,189,576","142,756",2.04,0.12
2015-03-12,4.52,4.65,4.49,4.57,0.11,2.47,"6,654,063","304,438",3.59,0.25
2015-03-13,4.61,4.66,4.53,4.57,0.00,0.00,"5,058,807","232,972",2.84,0.19
2015-03-16,4.59,4.62,4.55,4.60,0.03,0.66,"3,917,081","179,708",1.53,0.15
2015-03-17,4.62,4.64,4.60,4.63,0.03,0.65,"4,545,496","209,925",0.87,0.17
2015-03-18,4.63,4.74,4.62,4.73,0.10,2.16,"6,208,598","290,501",2.59,0.23
2015-03-19,4.73,4.74,4.67,4.69,-0.04,-0.85,"5,179,456","243,587",1.48,0.19
2015-03-20,4.68,4.78,4.65,4.72,0.03,0.64,"5,964,981","281,244",2.77,0.22
2015-03-23,4.78,4.81,4.74,4.78,0.06,1.27,"5,349,613","255,534",1.48,0.20
2015-03-24,4.81,4.87,4.75,4.80,0.02,0.42,"7,775,515","372,877",2.51,0.29
2015-03-25,4.78,4.81,4.68,4.69,-0.11,-2.29,"6,507,089","308,880",2.71,0.24
2015-03-26,4.65,4.76,4.62,4.72,0.03,0.64,"4,674,255","219,119",2.99,0.17
2015-03-27,4.73,4.75,4.67,4.71,-0.01,-0.21,"4,540,518","213,957",1.69,0.17
2015-03-30,4.75,4.94,4.74,4.92,0.21,4.46,"11,375,063","550,945",4.25,0.42
2015-03-31,4.99,5.01,4.82,4.86,-0.06,-1.22,"10,047,477","494,641",3.86,0.37
2015-04-01,4.83,4.92,4.82,4.89,0.03,0.62,"6,824,758","332,249",2.06,0.25
2015-04-02,4.91,4.92,4.81,4.85,-0.04,-0.82,"5,559,222","269,775",2.25,0.21
2015-04-03,4.81,4.89,4.79,4.87,0.02,0.41,"5,141,819","249,517",2.06,0.19
2015-04-07,4.93,5.00,4.90,5.00,0.13,2.67,"8,617,609","427,035",2.05,0.32
2015-04-08,5.01,5.05,4.92,5.04,0.04,0.80,"8,803,451","439,716",2.60,0.33
2015-04-09,5.05,5.14,5.00,5.03,-0.01,-0.20,"8,768,798","442,696",2.78,0.33
2015-04-10,5.01,5.12,5.00,5.10,0.07,1.39,"6,893,611","348,632",2.39,0.26
2015-04-13,5.18,5.33,5.18,5.32,0.22,4.31,"12,595,379","660,553",2.94,0.47
2015-04-14,5.30,5.35,5.22,5.26,-0.06,-1.13,"7,637,215","403,574",2.44,0.28
2015-04-15,5.26,5.60,5.25,5.43,0.17,3.23,"11,358,019","613,093",6.65,0.42
2015-04-16,5.41,5.63,5.37,5.62,0.19,3.50,"9,440,080","516,877",4.79,0.35
2015-04-17,5.72,5.76,5.62,5.64,0.02,0.36,"11,548,090","655,732",2.49,0.43
2015-04-20,5.69,5.69,5.40,5.42,-0.22,-3.90,"14,141,692","784,059",5.14,0.52
2015-04-21,5.40,5.45,5.32,5.44,0.02,0.37,"12,279,836","661,355",2.40,0.46
2015-04-22,5.47,5.52,5.42,5.52,0.08,1.47,"9,390,308","513,595",1.84,0.35
2015-04-23,5.53,5.53,5.43,5.48,-0.04,-0.72,"7,720,455","422,601",1.81,0.29
2015-04-24,5.37,5.40,5.25,5.33,-0.15,-2.74,"7,966,623","424,985",2.74,0.30
2015-04-27,5.33,5.50,5.33,5.50,0.17,3.19,"8,948,649","486,667",3.19,0.33
2015-04-28,5.53,5.85,5.49,5.64,0.14,2.55,"15,395,491","866,859",6.55,0.57
2015-04-29,5.57,5.58,5.44,5.53,-0.11,-1.95,"7,374,465","405,559",2.48,0.27
2015-04-30,5.50,5.52,5.40,5.41,-0.12,-2.17,"6,181,688","336,333",2.17,0.23
2015-05-04,5.39,5.42,5.36,5.39,-0.02,-0.37,"4,358,450","234,705",1.11,0.16
2015-05-05,5.39,5.39,5.11,5.14,-0.25,-4.64,"7,923,255","415,491",5.19,0.29
2015-05-06,5.14,5.28,5.10,5.13,-0.01,-0.19,"5,899,041","305,848",3.50,0.22
2015-05-07,5.13,5.18,5.07,5.08,-0.05,-0.97,"4,401,962","225,103",2.14,0.16
2015-05-08,5.13,5.17,5.07,5.15,0.07,1.38,"3,524,750","180,532",1.97,0.13
2015-05-11,5.15,5.21,5.06,5.20,0.05,0.97,"5,454,729","279,622",2.91,0.20
2015-05-12,5.22,5.22,5.13,5.19,-0.01,-0.19,"4,470,726","231,524",1.73,0.17
2015-05-13,5.21,5.24,5.14,5.16,-0.03,-0.58,"4,477,733","232,021",1.93,0.17
2015-05-14,5.18,5.19,5.10,5.13,-0.03,-0.58,"4,277,950","220,007",1.74,0.16
2015-05-15,5.12,5.13,5.03,5.08,-0.05,-0.97,"4,599,146","233,303",1.95,0.17
2015-05-18,5.03,5.07,4.99,5.00,-0.08,-1.57,"3,388,706","170,357",1.57,0.13
2015-05-19,4.99,5.15,4.98,5.14,0.14,2.80,"4,852,377","247,109",3.40,0.18
2015-05-20,5.14,5.23,5.11,5.15,0.01,0.19,"5,022,616","259,266",2.33,0.19
2015-05-21,5.15,5.24,5.14,5.20,0.05,0.97,"4,049,383","210,380",1.94,0.15
2015-05-22,5.25,5.35,5.22,5.33,0.13,2.50,"5,711,108","302,657",2.50,0.21
2015-05-25,5.35,5.44,5.35,5.44,0.11,2.06,"5,078,211","274,022",1.69,0.19
2015-05-26,5.45,5.47,5.40,5.44,0.00,0.00,"4,910,491","266,750",1.29,0.18
2015-05-27,5.45,5.46,5.32,5.37,-0.07,-1.29,"5,919,550","318,784",2.57,0.22
2015-05-28,5.36,5.37,5.07,5.10,-0.27,-5.03,"6,858,904","359,781",5.59,0.25
2015-05-29,5.07,5.14,5.00,5.07,-0.03,-0.59,"5,387,033","273,079",2.75,0.20
2015-06-01,5.07,5.25,5.03,5.23,0.16,3.16,"7,671,787","394,971",4.34,0.28
2015-06-02,5.21,5.25,5.14,5.20,-0.03,-0.57,"5,191,380","268,981",2.10,0.19
2015-06-03,5.20,5.24,5.12,5.20,0.00,0.00,"4,448,077","230,098",2.31,0.17
2015-06-04,5.20,5.38,5.13,5.34,0.14,2.69,"8,768,898","462,346",4.81,0.33
2015-06-05,5.41,5.45,5.23,5.32,-0.02,-0.37,"8,747,890","467,327",4.12,0.32
2015-06-08,5.32,5.64,5.30,5.63,0.31,5.83,"17,261,581","949,932",6.39,0.64
2015-06-09,5.65,5.69,5.45,5.52,-0.11,-1.95,"13,129,097","730,385",4.26,0.49
2015-06-10,5.44,5.48,5.41,5.43,-0.09,-1.63,"7,455,057","406,089",1.27,0.28
2015-06-11,5.42,5.46,5.35,5.42,-0.01,-0.18,"4,976,747","268,777",2.03,0.18
2015-06-12,5.43,5.44,5.37,5.44,0.02,0.37,"4,852,189","262,586",1.29,0.18
2015-06-15,5.45,5.51,5.31,5.32,-0.12,-2.21,"7,002,855","378,503",3.68,0.26
2015-06-16,5.29,5.37,5.20,5.23,-0.09,-1.69,"5,338,685","282,340",3.20,0.20
2015-06-17,5.29,5.32,5.21,5.29,0.06,1.15,"4,848,571","255,329",2.10,0.18
2015-06-18,5.26,5.26,5.07,5.11,-0.18,-3.40,"5,059,354","262,435",3.59,0.19
2015-06-19,5.08,5.14,4.95,4.97,-0.14,-2.74,"5,697,821","288,475",3.72,0.21
2015-06-23,5.00,5.20,4.98,5.18,0.21,4.23,"6,877,079","349,904",4.43,0.26
2015-06-24,5.18,5.24,5.13,5.22,0.04,0.77,"4,850,953","251,357",2.12,0.18
2015-06-25,5.31,5.34,5.12,5.15,-0.07,-1.34,"5,370,492","281,910",4.21,0.20
2015-06-26,5.11,5.17,4.85,4.98,-0.17,-3.30,"7,757,871","391,057",6.21,0.29
2015-06-29,5.04,5.10,4.70,5.07,0.09,1.81,"9,188,542","458,403",8.03,0.34
2015-06-30,5.06,5.29,5.00,5.28,0.21,4.14,"9,650,413","497,206",5.72,0.36
2015-07-01,5.20,5.24,5.11,5.14,-0.14,-2.65,"6,062,181","314,172",2.46,0.22
2015-07-02,5.15,5.48,5.03,5.44,0.30,5.84,"14,326,338","751,668",8.75,0.53
2015-07-03,5.30,5.44,5.16,5.31,-0.13,-2.39,"11,772,613","629,010",5.15,0.44
2015-07-06,5.73,5.80,5.43,5.79,0.48,9.04,"29,495,823","1,669,962",6.97,1.09
2015-07-07,5.48,5.94,5.36,5.74,0.21,3.80,"22,484,044","1,278,967",10.49,0.83
2015-07-08,5.42,5.82,5.17,5.47,-0.27,-4.70,"29,707,971","1,622,547",11.32,1.10
2015-07-09,5.47,5.88,5.10,5.58,0.11,2.01,"20,082,182","1,107,378",14.26,0.74
2015-07-10,5.40,5.90,5.31,5.54,-0.04,-0.72,"21,162,591","1,195,977",10.57,0.78
2015-07-13,5.39,5.41,5.22,5.27,-0.27,-4.87,"14,032,233","745,160",3.43,0.52
2015-07-14,5.20,5.26,5.04,5.15,-0.12,-2.28,"10,965,126","562,590",4.17,0.41
2015-07-15,5.11,5.30,5.10,5.27,0.12,2.33,"10,602,490","552,134",3.88,0.39
2015-07-16,5.27,5.37,5.15,5.22,-0.05,-0.95,"7,413,634","388,862",4.17,0.28
2015-07-17,5.22,5.24,5.15,5.21,-0.01,-0.19,"5,517,754","286,493",1.72,0.20
2015-07-20,5.18,5.21,5.14,5.17,-0.04,-0.77,"4,959,048","256,751",1.34,0.18
2015-07-21,5.15,5.19,5.11,5.15,-0.02,-0.39,"4,100,623","211,059",1.55,0.15
2015-07-22,5.13,5.17,5.11,5.12,-0.03,-0.58,"3,318,398","170,297",1.17,0.12
2015-07-23,5.11,5.16,5.10,5.15,0.03,0.59,"3,781,269","194,231",1.17,0.14
2015-07-24,5.15,5.16,5.09,5.10,-0.05,-0.97,"4,378,188","224,141",1.36,0.16
2015-07-27,5.06,5.10,4.76,4.82,-0.28,-5.49,"6,316,108","314,044",6.67,0.23
2015-07-28,4.76,4.98,4.72,4.83,0.01,0.21,"5,980,843","289,553",5.39,0.22
2015-07-29,4.80,4.89,4.80,4.86,0.03,0.62,"3,772,763","182,465",1.86,0.14
2015-07-30,4.85,4.86,4.79,4.79,-0.07,-1.44,"3,121,665","150,351",1.44,0.12
2015-07-31,4.77,4.86,4.74,4.83,0.04,0.84,"3,067,752","146,702",2.51,0.11
2015-08-03,4.79,4.89,4.75,4.87,0.04,0.83,"4,809,866","231,987",2.90,0.18
2015-08-04,4.83,4.88,4.82,4.87,0.00,0.00,"2,551,717","123,680",1.23,0.09
2015-08-05,4.85,4.87,4.82,4.82,-0.05,-1.03,"2,251,294","109,027",1.03,0.08
2015-08-06,4.79,4.85,4.78,4.81,-0.01,-0.21,"1,648,197","79,482",1.45,0.06
2015-08-07,4.83,4.85,4.80,4.84,0.03,0.62,"1,849,985","89,441",1.04,0.07
2015-08-10,4.83,4.92,4.80,4.92,0.08,1.65,"4,349,534","211,631",2.48,0.16
2015-08-11,4.89,4.90,4.84,4.87,-0.05,-1.02,"3,123,987","152,004",1.22,0.12
2015-08-12,4.83,4.84,4.79,4.80,-0.07,-1.44,"1,968,379","94,852",1.03,0.07
2015-08-13,4.79,4.83,4.74,4.79,-0.01,-0.21,"2,033,103","97,228",1.88,0.08
2015-08-14,4.79,4.80,4.76,4.77,-0.02,-0.42,"1,675,838","79,947",0.84,0.06
2015-08-17,4.75,4.76,4.69,4.71,-0.06,-1.26,"2,227,515","104,969",1.47,0.08
2015-08-18,4.71,4.74,4.63,4.63,-0.08,-1.70,"3,236,202","151,773",2.34,0.12
2015-08-19,4.61,4.65,4.52,4.57,-0.06,-1.30,"3,403,435","155,587",2.81,0.13
2015-08-20,4.59,4.61,4.54,4.55,-0.02,-0.44,"2,265,575","103,619",1.53,0.08
2015-08-21,4.52,4.62,4.52,4.54,-0.01,-0.22,"3,916,047","178,819",2.20,0.15
2015-08-24,4.48,4.48,4.09,4.10,-0.44,-9.69,"5,275,064","224,312",8.59,0.20
2015-08-25,3.98,4.21,3.81,3.89,-0.21,-5.12,"5,336,078","213,883",9.76,0.20
2015-08-26,3.97,4.11,3.81,4.05,0.16,4.11,"5,961,083","236,900",7.71,0.22
2015-08-27,4.06,4.25,3.95,4.24,0.19,4.69,"5,637,206","230,394",7.41,0.21
2015-08-28,4.22,4.27,4.16,4.23,-0.01,-0.24,"3,682,563","154,772",2.59,0.14
2015-08-31,4.18,4.21,4.11,4.19,-0.04,-0.95,"3,002,307","125,069",2.36,0.11
2015-09-01,4.19,4.53,4.17,4.50,0.31,7.40,"10,185,412","449,181",8.59,0.38
2015-09-02,4.37,4.95,4.34,4.95,0.45,10.00,"13,946,057","654,270",13.56,0.52
2015-09-07,4.73,4.75,4.49,4.52,-0.43,-8.69,"6,485,428","298,853",5.25,0.24
2015-09-08,4.44,4.54,4.35,4.50,-0.02,-0.44,"4,041,994","180,088",4.20,0.15
2015-09-09,4.45,4.53,4.42,4.50,0.00,0.00,"3,662,167","163,633",2.44,0.14
2015-09-10,4.46,4.49,4.43,4.47,-0.03,-0.67,"1,844,336","82,239",1.33,0.07
2015-09-11,4.45,4.47,4.42,4.43,-0.04,-0.89,"1,286,084","57,223",1.12,0.05
2015-09-14,4.42,4.60,4.37,4.52,0.09,2.03,"4,261,499","192,034",5.19,0.16
2015-09-15,4.47,4.58,4.44,4.54,0.02,0.44,"3,828,415","172,931",3.10,0.14
2015-09-16,4.48,4.59,4.44,4.53,-0.01,-0.22,"2,388,100","107,399",3.30,0.09
2015-09-17,4.51,4.58,4.50,4.52,-0.01,-0.22,"2,143,632","97,425",1.77,0.08
2015-09-18,4.51,4.53,4.42,4.45,-0.07,-1.55,"1,622,830","72,731",2.43,0.06
2015-09-21,4.42,4.44,4.36,4.42,-0.03,-0.67,"1,645,946","72,381",1.80,0.06
2015-09-22,4.42,4.46,4.40,4.44,0.02,0.45,"1,359,496","60,251",1.36,0.05
2015-09-23,4.41,4.43,4.36,4.37,-0.07,-1.58,"1,107,863","48,608",1.58,0.04
2015-09-24,4.38,4.40,4.35,4.37,0.00,0.00,"775,560","33,902",1.14,0.03
2015-09-25,4.36,4.47,4.35,4.45,0.08,1.83,"1,798,790","79,228",2.75,0.07
2015-09-28,4.41,4.44,4.36,4.38,-0.07,-1.57,"937,731","41,081",1.80,0.03
2015-09-29,4.36,4.36,4.31,4.32,-0.06,-1.37,"935,858","40,526",1.14,0.03
2015-09-30,4.33,4.37,4.32,4.32,0.00,0.00,"717,160","31,147",1.16,0.03
2015-10-08,4.40,4.42,4.37,4.38,0.06,1.39,"1,207,007","53,008",1.16,0.04
2015-10-09,4.40,4.45,4.39,4.44,0.06,1.37,"1,184,189","52,475",1.37,0.04
2015-10-12,4.45,4.54,4.43,4.51,0.07,1.58,"1,864,166","83,796",2.48,0.07
2015-10-13,4.49,4.50,4.43,4.45,-0.06,-1.33,"1,230,034","54,894",1.55,0.05
2015-10-14,4.43,4.45,4.41,4.43,-0.02,-0.45,"884,567","39,175",0.90,0.03
2015-10-15,4.43,4.49,4.41,4.49,0.06,1.35,"1,137,610","50,760",1.81,0.04
2015-10-16,4.50,4.51,4.48,4.50,0.01,0.22,"1,379,631","62,041",0.67,0.05
2015-10-19,4.50,4.53,4.48,4.49,-0.01,-0.22,"1,269,784","57,182",1.11,0.05
2015-10-20,4.48,4.51,4.47,4.50,0.01,0.22,"882,302","39,607",0.89,0.03
2015-10-21,4.50,4.95,4.48,4.77,0.27,6.00,"3,956,093","181,025",10.44,0.15
2015-10-22,4.59,4.72,4.56,4.65,-0.12,-2.52,"2,602,770","120,329",3.35,0.10
2015-10-23,4.61,4.65,4.57,4.61,-0.04,-0.86,"2,054,495","94,738",1.72,0.08
2015-10-26,4.63,4.64,4.59,4.62,0.01,0.22,"1,406,145","64,825",1.08,0.05
2015-10-27,4.61,4.68,4.58,4.63,0.01,0.22,"1,718,549","79,504",2.16,0.06
2015-10-28,4.60,4.67,4.58,4.61,-0.02,-0.43,"1,773,828","81,967",1.94,0.07
2015-10-29,4.60,4.62,4.57,4.58,-0.03,-0.65,"1,321,768","60,667",1.08,0.05
2015-10-30,4.58,4.60,4.56,4.57,-0.01,-0.22,"1,159,875","53,091",0.87,0.04
2015-11-02,4.55,4.60,4.52,4.52,-0.05,-1.09,"1,157,456","52,726",1.75,0.04
2015-11-03,4.52,4.53,4.44,4.45,-0.07,-1.55,"1,378,802","61,668",1.99,0.05
2015-11-04,4.44,4.57,4.43,4.56,0.11,2.47,"2,156,932","97,245",3.15,0.08
2015-11-05,4.53,4.72,4.52,4.64,0.08,1.75,"4,509,535","209,209",4.39,0.17
2015-11-06,4.62,4.65,4.58,4.65,0.01,0.22,"2,436,452","112,374",1.51,0.09
2015-11-09,4.69,4.92,4.66,4.80,0.15,3.23,"5,248,615","252,621",5.59,0.19
2015-11-10,4.76,4.79,4.70,4.73,-0.07,-1.46,"2,619,280","124,042",1.88,0.10
2015-11-11,4.71,4.72,4.66,4.70,-0.03,-0.63,"1,945,743","91,295",1.27,0.07
2015-11-12,4.68,4.70,4.62,4.65,-0.05,-1.06,"1,514,352","70,589",1.70,0.06
2015-11-13,4.63,4.65,4.60,4.60,-0.05,-1.08,"1,322,841","61,078",1.08,0.05
2015-11-16,4.57,4.65,4.56,4.65,0.05,1.09,"1,609,222","74,262",1.96,0.06
2015-11-17,4.65,4.71,4.63,4.67,0.02,0.43,"1,829,210","85,538",1.72,0.07
2015-11-18,4.66,4.71,4.63,4.68,0.01,0.21,"1,670,330","78,010",1.71,0.06
2015-11-19,4.66,4.69,4.65,4.68,0.00,0.00,"1,167,167","54,509",0.85,0.04
2015-11-20,4.67,4.68,4.64,4.66,-0.02,-0.43,"1,400,728","65,178",0.85,0.05
2015-11-23,4.66,4.66,4.61,4.65,-0.01,-0.21,"1,694,884","78,564",1.07,0.06
2015-11-24,4.64,4.65,4.59,4.64,-0.01,-0.22,"1,908,586","88,186",1.29,0.07
2015-11-25,4.62,4.67,4.61,4.66,0.02,0.43,"1,930,521","89,561",1.29,0.07
2015-11-26,4.65,4.69,4.65,4.68,0.02,0.43,"1,840,041","85,931",0.86,0.07
2015-11-27,4.66,4.68,4.54,4.58,-0.10,-2.14,"1,567,709","72,214",2.99,0.06
2015-11-30,4.57,4.63,4.56,4.62,0.04,0.87,"2,081,528","95,641",1.53,0.08
2015-12-01,4.59,4.59,4.52,4.55,-0.07,-1.52,"1,890,936","85,873",1.52,0.07
2015-12-02,4.54,4.73,4.53,4.72,0.17,3.74,"4,011,602","186,649",4.40,0.15
2015-12-03,4.68,4.91,4.65,4.86,0.14,2.97,"7,021,189","337,912",5.51,0.26
2015-12-04,4.80,4.81,4.68,4.69,-0.17,-3.50,"2,057,773","97,595",2.67,0.08
2015-12-07,4.70,4.71,4.63,4.66,-0.03,-0.64,"1,259,715","58,648",1.71,0.05
2015-12-08,4.63,4.68,4.57,4.62,-0.04,-0.86,"1,724,151","79,450",2.36,0.06
2015-12-09,4.61,4.67,4.60,4.66,0.04,0.87,"906,900","42,077",1.52,0.03
2015-12-10,4.65,4.70,4.60,4.61,-0.05,-1.07,"1,265,450","58,809",2.15,0.05
2015-12-11,4.60,4.61,4.56,4.59,-0.02,-0.43,"1,119,425","51,216",1.08,0.04
2015-12-14,4.57,4.65,4.56,4.65,0.06,1.31,"1,491,840","68,787",1.96,0.06
2015-12-15,4.64,4.65,4.59,4.60,-0.05,-1.08,"900,214","41,500",1.29,0.03
2015-12-16,4.61,4.62,4.57,4.59,-0.01,-0.22,"838,050","38,487",1.09,0.03
2015-12-17,4.60,4.64,4.59,4.62,0.03,0.65,"925,200","42,742",1.09,0.03
2015-12-18,4.61,4.71,4.60,4.62,0.00,0.00,"1,978,369","91,894",2.38,0.07
2015-12-21,4.60,4.71,4.59,4.69,0.07,1.52,"2,500,209","116,477",2.60,0.09
2015-12-22,4.69,4.72,4.65,4.67,-0.02,-0.43,"1,460,029","68,326",1.49,0.05
2015-12-23,4.66,4.71,4.64,4.67,0.00,0.00,"2,369,114","110,640",1.50,0.09
2015-12-24,4.68,4.68,4.62,4.65,-0.02,-0.43,"1,623,467","75,383",1.28,0.06
2015-12-25,4.65,4.66,4.64,4.65,0.00,0.00,"867,766","40,343",0.43,0.03
2015-12-28,4.65,4.66,4.59,4.59,-0.06,-1.29,"1,466,976","67,833",1.51,0.05
2015-12-29,4.59,4.61,4.58,4.61,0.02,0.44,"1,245,650","57,232",0.65,0.05
2015-12-30,4.60,4.62,4.58,4.61,0.00,0.00,"824,086","37,888",0.87,0.03
2015-12-31,4.60,4.61,4.58,4.58,-0.03,-0.65,"979,252","44,966",0.65,0.04
2016-01-04,4.58,4.59,4.44,4.45,-0.13,-2.84,"1,475,087","66,936",3.28,0.05
2016-01-05,4.42,4.51,4.38,4.47,0.02,0.45,"1,606,293","71,548",2.92,0.06
2016-01-06,4.45,4.52,4.45,4.51,0.04,0.89,"1,131,773","50,816",1.57,0.04
2016-01-07,4.49,4.50,4.42,4.43,-0.08,-1.77,"344,915","15,371",1.77,0.01
2016-01-08,4.44,4.49,4.40,4.46,0.03,0.68,"1,861,345","82,789",2.03,0.07
2016-01-11,4.43,4.43,4.31,4.32,-0.14,-3.14,"1,647,021","72,204",2.69,0.06
2016-01-12,4.36,4.38,4.31,4.32,0.00,0.00,"1,157,543","50,231",1.62,0.04
2016-01-13,4.35,4.35,4.29,4.30,-0.02,-0.46,"1,015,444","43,930",1.39,0.04
2016-01-14,4.26,4.31,4.21,4.31,0.01,0.23,"1,310,475","55,926",2.33,0.05
2016-01-15,4.29,4.30,4.21,4.23,-0.08,-1.86,"1,011,908","43,021",2.09,0.04
2016-01-18,4.19,4.25,4.17,4.19,-0.04,-0.95,"1,194,841","50,241",1.89,0.04
2016-01-19,4.19,4.27,4.18,4.25,0.06,1.43,"981,358","41,509",2.15,0.04
2016-01-20,4.25,4.25,4.17,4.22,-0.03,-0.71,"1,065,847","44,863",1.88,0.04
2016-01-21,4.20,4.26,4.18,4.18,-0.04,-0.95,"846,016","35,677",1.90,0.03
2016-01-22,4.21,4.22,4.18,4.22,0.04,0.96,"846,965","35,591",0.96,0.03
2016-01-25,4.22,4.25,4.20,4.23,0.01,0.24,"627,690","26,487",1.18,0.02
2016-01-26,4.21,4.22,4.05,4.08,-0.15,-3.55,"1,123,814","46,474",4.02,0.04
2016-01-27,4.09,4.15,4.06,4.11,0.03,0.74,"1,524,786","62,544",2.21,0.06
2016-01-28,4.10,4.10,4.02,4.05,-0.06,-1.46,"901,993","36,628",1.95,0.03
2016-01-29,4.04,4.12,4.03,4.10,0.05,1.23,"1,375,856","56,110",2.22,0.05
2016-02-01,4.09,4.09,4.00,4.03,-0.07,-1.71,"1,040,283","41,980",2.20,0.04
2016-02-02,4.02,4.07,4.00,4.05,0.02,0.50,"926,456","37,458",1.74,0.03
2016-02-03,4.02,4.03,3.97,4.01,-0.04,-0.99,"779,352","31,136",1.48,0.03
2016-02-04,4.02,4.04,4.00,4.02,0.01,0.25,"735,629","29,572",1.00,0.03
2016-02-05,4.02,4.03,4.00,4.01,-0.01,-0.25,"712,044","28,579",0.75,0.03
2016-02-15,3.94,3.99,3.93,3.97,-0.04,-1.00,"582,266","23,070",1.50,0.02
2016-02-16,3.98,4.06,3.98,4.05,0.08,2.02,"853,280","34,406",2.02,0.03
2016-02-17,4.04,4.06,4.02,4.04,-0.01,-0.25,"840,847","33,960",0.99,0.03
2016-02-18,4.05,4.07,4.04,4.06,0.02,0.50,"884,365","35,878",0.74,0.03
2016-02-19,4.04,4.05,4.01,4.02,-0.04,-0.99,"940,799","37,888",0.99,0.03
2016-02-22,4.04,4.11,4.02,4.08,0.06,1.49,"1,317,209","53,554",2.24,0.05
2016-02-23,4.08,4.08,4.03,4.05,-0.03,-0.74,"691,484","27,980",1.23,0.03
2016-02-24,4.04,4.06,4.02,4.05,0.00,0.00,"745,898","30,165",0.99,0.03
2016-02-25,4.05,4.08,4.00,4.01,-0.04,-0.99,"2,212,645","89,457",1.98,0.08
2016-02-26,4.01,4.05,4.00,4.02,0.01,0.25,"1,158,265","46,610",1.25,0.04
2016-02-29,4.01,4.04,3.89,4.03,0.01,0.25,"1,832,342","72,641",3.73,0.07
2016-03-01,4.02,4.03,3.98,4.03,0.00,0.00,"854,620","34,240",1.24,0.03
2016-03-02,4.03,4.12,4.01,4.11,0.08,1.99,"2,080,789","84,651",2.73,0.08
2016-03-03,4.10,4.14,4.08,4.13,0.02,0.49,"1,497,689","61,499",1.46,0.06
2016-03-04,4.12,4.33,4.09,4.31,0.18,4.36,"4,093,033","173,324",5.81,0.15
2016-03-07,4.27,4.31,4.24,4.29,-0.02,-0.46,"1,353,112","57,884",1.62,0.05
2016-03-08,4.26,4.34,4.21,4.33,0.04,0.93,"1,694,172","72,408",3.03,0.06
2016-03-09,4.28,4.42,4.26,4.41,0.08,1.85,"1,884,682","81,679",3.70,0.07
2016-03-10,4.36,4.38,4.32,4.32,-0.09,-2.04,"1,050,441","45,642",1.36,0.04
2016-03-11,4.30,4.34,4.26,4.34,0.02,0.46,"1,003,135","43,100",1.85,0.04
2016-03-14,4.34,4.34,4.29,4.30,-0.04,-0.92,"1,999,208","86,130",1.15,0.07
2016-03-15,4.29,4.29,4.22,4.26,-0.04,-0.93,"1,552,033","65,949",1.63,0.06
2016-03-16,4.24,4.35,4.23,4.32,0.06,1.41,"2,904,651","125,169",2.82,0.11
2016-03-17,4.30,4.31,4.26,4.29,-0.03,-0.69,"1,560,984","66,865",1.16,0.06
2016-03-18,4.30,4.30,4.24,4.30,0.01,0.23,"1,652,225","70,702",1.40,0.06
2016-03-21,4.30,4.34,4.28,4.31,0.01,0.23,"1,353,080","58,418",1.40,0.05
2016-03-22,4.31,4.33,4.28,4.29,-0.02,-0.46,"962,657","41,409",1.16,0.04
2016-03-23,4.30,4.33,4.28,4.30,0.01,0.23,"984,468","42,438",1.17,0.04
2016-03-24,4.30,4.31,4.25,4.26,-0.04,-0.93,"737,965","31,512",1.40,0.03
2016-03-25,4.26,4.28,4.25,4.28,0.02,0.47,"373,514","15,954",0.70,0.01
2016-03-28,4.27,4.30,4.25,4.30,0.02,0.47,"767,822","32,807",1.17,0.03
2016-03-29,4.28,4.30,4.25,4.25,-0.05,-1.16,"858,684","36,681",1.16,0.03
2016-03-30,4.24,4.33,4.24,4.32,0.07,1.65,"1,426,749","61,256",2.12,0.05
2016-03-31,4.31,4.33,4.28,4.29,-0.03,-0.69,"918,631","39,475",1.16,0.03
2016-04-01,4.29,4.31,4.26,4.30,0.01,0.23,"921,204","39,494",1.17,0.03
2016-04-05,4.30,4.33,4.28,4.32,0.02,0.47,"1,000,996","43,089",1.16,0.04
2016-04-06,4.30,4.31,4.28,4.29,-0.03,-0.69,"705,707","30,321",0.69,0.03
2016-04-07,4.30,4.30,4.26,4.26,-0.03,-0.70,"746,380","31,939",0.93,0.03
2016-04-08,4.25,4.29,4.25,4.26,0.00,0.00,"466,835","19,922",0.94,0.02
2016-04-11,4.26,4.31,4.26,4.29,0.03,0.70,"673,744","28,929",1.17,0.03
2016-04-12,4.29,4.30,4.28,4.28,-0.01,-0.23,"481,950","20,667",0.47,0.02
2016-04-13,4.29,4.34,4.29,4.32,0.04,0.93,"1,534,130","66,277",1.17,0.06
2016-04-14,4.33,4.33,4.31,4.31,-0.01,-0.23,"440,859","19,043",0.46,0.02
2016-04-15,4.33,4.33,4.29,4.30,-0.01,-0.23,"681,584","29,372",0.93,0.03
2016-04-18,4.29,4.30,4.26,4.29,-0.01,-0.23,"932,358","39,895",0.93,0.03
2016-04-19,4.29,4.30,4.27,4.29,0.00,0.00,"417,914","17,914",0.70,0.02
2016-04-20,4.29,4.29,4.22,4.29,0.00,0.00,"1,449,117","61,686",1.63,0.05
2016-04-21,4.26,4.31,4.25,4.30,0.01,0.23,"809,912","34,700",1.40,0.03
2016-04-22,4.28,4.30,4.27,4.28,-0.02,-0.47,"573,753","24,582",0.70,0.02
2016-04-25,4.27,4.28,4.25,4.27,-0.01,-0.23,"445,592","19,007",0.70,0.02
2016-04-26,4.27,4.29,4.26,4.28,0.01,0.23,"494,553","21,147",0.70,0.02
2016-04-27,4.28,4.28,4.26,4.28,0.00,0.00,"317,015","13,535",0.47,0.01
2016-04-28,4.28,4.28,4.25,4.28,0.00,0.00,"509,013","21,719",0.70,0.02
2016-04-29,4.27,4.27,4.25,4.26,-0.02,-0.47,"460,491","19,608",0.47,0.02
2016-05-03,4.26,4.29,4.24,4.28,0.02,0.47,"759,715","32,445",1.17,0.03
2016-05-04,4.27,4.28,4.26,4.27,-0.01,-0.23,"403,691","17,247",0.47,0.02
2016-05-05,4.27,4.28,4.26,4.28,0.01,0.23,"450,221","19,215",0.47,0.02
2016-05-06,4.28,4.28,4.23,4.24,-0.04,-0.93,"716,572","30,501",1.17,0.03
2016-05-09,4.23,4.24,4.16,4.17,-0.07,-1.65,"714,398","30,020",1.89,0.03
2016-05-10,4.16,4.18,4.14,4.16,-0.01,-0.24,"599,315","24,944",0.96,0.02
2016-05-11,4.17,4.21,4.15,4.19,0.03,0.72,"650,897","27,174",1.44,0.02
2016-05-12,4.17,4.20,4.15,4.18,-0.01,-0.24,"530,217","22,113",1.19,0.02
2016-05-13,4.18,4.23,4.17,4.22,0.04,0.96,"778,679","32,761",1.44,0.03
2016-05-16,4.20,4.26,4.20,4.25,0.03,0.71,"580,130","24,554",1.42,0.02
2016-05-17,4.24,4.26,4.23,4.25,0.00,0.00,"409,294","17,383",0.71,0.02
2016-05-18,4.25,4.25,4.18,4.24,-0.01,-0.24,"585,260","24,727",1.65,0.02
2016-05-19,4.23,4.26,4.22,4.24,0.00,0.00,"527,500","22,388",0.94,0.02
2016-05-20,4.24,4.26,4.24,4.25,0.01,0.24,"434,078","18,453",0.47,0.02
2016-05-23,4.26,4.28,4.25,4.26,0.01,0.24,"431,135","18,390",0.71,0.02
2016-05-24,4.27,4.27,4.24,4.26,0.00,0.00,"484,889","20,635",0.70,0.02
2016-05-25,4.27,4.28,4.26,4.26,0.00,0.00,"245,237","10,464",0.47,0.01
2016-05-26,4.26,4.28,4.26,4.28,0.02,0.47,"442,473","18,909",0.47,0.02
2016-05-27,4.27,4.29,4.26,4.29,0.01,0.23,"322,249","13,779",0.70,0.01
2016-05-30,4.29,4.31,4.27,4.30,0.01,0.23,"845,167","36,251",0.93,0.03
2016-05-31,4.29,4.37,4.29,4.36,0.06,1.40,"1,047,404","45,478",1.86,0.04
2016-06-01,4.36,4.36,4.32,4.34,-0.02,-0.46,"634,418","27,536",0.92,0.02
2016-06-02,4.34,4.35,4.33,4.34,0.00,0.00,"296,488","12,875",0.46,0.01
2016-06-03,4.35,4.37,4.32,4.37,0.03,0.69,"482,064","20,944",1.15,0.02
2016-06-06,4.36,4.39,4.35,4.38,0.01,0.23,"592,765","25,895",0.92,0.02
2016-06-07,4.38,4.42,4.37,4.40,0.02,0.46,"588,535","25,888",1.14,0.02
2016-06-08,4.41,4.41,4.36,4.39,-0.01,-0.23,"578,898","25,426",1.14,0.02
2016-06-13,4.37,4.40,4.36,4.37,-0.02,-0.46,"665,505","29,165",0.91,0.02
2016-06-14,4.35,4.42,4.35,4.40,0.03,0.69,"695,830","30,635",1.60,0.03
2016-06-15,4.39,4.41,4.37,4.39,-0.01,-0.23,"640,108","28,056",0.91,0.02
2016-06-16,4.37,4.38,4.35,4.37,-0.02,-0.46,"398,897","17,416",0.68,0.01
2016-06-17,4.37,4.40,4.36,4.37,0.00,0.00,"374,943","16,442",0.92,0.01
2016-06-20,4.39,4.40,4.37,4.39,0.02,0.46,"364,320","16,001",0.69,0.01
2016-06-21,4.40,4.41,4.38,4.41,0.02,0.46,"353,589","15,556",0.68,0.01
2016-06-22,4.40,4.46,4.39,4.44,0.03,0.68,"564,116","25,046",1.59,0.02
2016-06-23,4.44,4.46,4.43,4.44,0.00,0.00,"254,778","11,322",0.68,0.01
2016-06-24,4.44,4.46,4.36,4.40,-0.04,-0.90,"444,526","19,632",2.25,0.02
2016-06-27,4.39,4.42,4.39,4.42,0.02,0.45,"319,339","14,061",0.68,0.01
2016-06-28,4.41,4.43,4.36,4.42,0.00,0.00,"643,951","28,244",1.58,0.02
2016-06-29,4.41,4.43,4.39,4.42,0.00,0.00,"537,922","23,688",0.91,0.02
2016-06-30,4.42,4.45,4.40,4.44,0.02,0.45,"441,207","19,561",1.13,0.02
2016-07-01,4.45,4.49,4.44,4.47,0.03,0.68,"534,528","23,906",1.13,0.02
2016-07-04,4.47,4.55,4.47,4.54,0.07,1.57,"648,721","29,356",1.79,0.02
2016-07-05,4.54,4.57,4.51,4.55,0.01,0.22,"674,749","30,630",1.32,0.03
2016-07-06,4.54,4.56,4.49,4.56,0.01,0.22,"677,270","30,703",1.54,0.03
2016-07-07,4.55,4.60,4.53,4.59,0.03,0.66,"1,119,897","51,205",1.54,0.04
2016-07-08,4.35,4.35,4.27,4.29,-0.07,-1.61,"1,154,008","49,638",1.83,0.04
2016-07-11,4.28,4.31,4.26,4.27,-0.02,-0.47,"751,038","32,203",1.17,0.03
2016-07-12,4.27,4.35,4.26,4.34,0.07,1.64,"1,412,737","60,865",2.11,0.05
2016-07-13,4.33,4.37,4.30,4.35,0.01,0.23,"1,361,689","59,108",1.61,0.05
2016-07-14,4.35,4.35,4.30,4.31,-0.04,-0.92,"570,440","24,612",1.15,0.02
2016-07-15,4.31,4.33,4.30,4.32,0.01,0.23,"553,052","23,863",0.70,0.02
2016-07-18,4.31,4.35,4.31,4.34,0.02,0.46,"584,481","25,369",0.93,0.02
2016-07-19,4.34,4.35,4.29,4.30,-0.04,-0.92,"836,538","36,067",1.38,0.03
2016-07-20,4.30,4.31,4.27,4.28,-0.02,-0.47,"527,724","22,630",0.93,0.02
2016-07-21,4.28,4.30,4.26,4.28,0.00,0.00,"746,673","31,991",0.93,0.03
2016-07-22,4.28,4.29,4.24,4.28,0.00,0.00,"704,454","30,028",1.17,0.03
2016-07-25,4.26,4.30,4.26,4.29,0.01,0.23,"660,198","28,300",0.93,0.02
2016-07-26,4.29,4.32,4.27,4.31,0.02,0.47,"598,758","25,758",1.17,0.02
2016-07-27,4.31,4.32,4.24,4.31,0.00,0.00,"1,045,701","44,854",1.86,0.04
2016-07-28,4.30,4.31,4.28,4.29,-0.02,-0.46,"579,118","24,862",0.70,0.02
2016-07-29,4.29,4.30,4.28,4.30,0.01,0.23,"350,045","15,032",0.47,0.01
2016-08-01,4.30,4.33,4.29,4.33,0.03,0.70,"735,729","31,751",0.93,0.03
2016-08-02,4.32,4.34,4.31,4.34,0.01,0.23,"452,286","19,574",0.69,0.02
2016-08-03,4.33,4.34,4.32,4.33,-0.01,-0.23,"679,414","29,432",0.46,0.03
2016-08-04,4.32,4.33,4.31,4.33,0.00,0.00,"528,862","22,836",0.46,0.02
2016-08-05,4.31,4.33,4.30,4.33,0.00,0.00,"584,640","25,240",0.69,0.02
2016-08-08,4.32,4.35,4.32,4.34,0.01,0.23,"479,882","20,807",0.69,0.02
2016-08-09,4.33,4.37,4.33,4.37,0.03,0.69,"908,517","39,540",0.92,0.03
2016-08-10,4.37,4.39,4.35,4.38,0.01,0.23,"668,933","29,277",0.92,0.02
2016-08-11,4.38,4.47,4.38,4.42,0.04,0.91,"1,275,450","56,505",2.05,0.05
2016-08-12,4.42,4.51,4.40,4.50,0.08,1.81,"1,395,506","62,369",2.49,0.05
2016-08-15,4.51,4.61,4.48,4.58,0.08,1.78,"1,907,961","86,984",2.89,0.07
2016-08-16,4.59,4.59,4.39,4.44,-0.14,-3.06,"3,792,026","169,057",4.37,0.14
2016-08-17,4.43,4.45,4.41,4.44,0.00,0.00,"1,119,538","49,582",0.90,0.04
2016-08-18,4.43,4.46,4.41,4.43,-0.01,-0.23,"1,208,028","53,575",1.13,0.04
2016-08-19,4.44,4.44,4.41,4.44,0.01,0.23,"772,869","34,197",0.68,0.03
2016-08-22,4.43,4.49,4.43,4.47,0.03,0.68,"1,205,349","53,738",1.35,0.04
2016-08-23,4.47,4.53,4.46,4.52,0.05,1.12,"1,405,755","63,388",1.57,0.05
2016-08-24,4.52,4.53,4.50,4.52,0.00,0.00,"972,807","43,906",0.66,0.04
2016-08-25,4.51,4.53,4.48,4.52,0.00,0.00,"1,271,725","57,314",1.11,0.05
2016-08-26,4.52,4.52,4.49,4.50,-0.02,-0.44,"663,759","29,886",0.66,0.02
2016-08-29,4.49,4.50,4.43,4.49,-0.01,-0.22,"853,975","38,149",1.56,0.03
2016-08-30,4.48,4.51,4.47,4.51,0.02,0.45,"734,626","32,962",0.89,0.03
2016-08-31,4.50,4.53,4.49,4.53,0.02,0.44,"622,220","28,076",0.89,0.02
2016-09-01,4.52,4.54,4.50,4.52,-0.01,-0.22,"554,518","25,070",0.88,0.02
2016-09-02,4.51,4.54,4.51,4.53,0.01,0.22,"744,720","33,692",0.66,0.03
2016-09-05,4.52,4.55,4.50,4.53,0.00,0.00,"859,038","38,860",1.10,0.03
2016-09-06,4.52,4.55,4.44,4.46,-0.07,-1.55,"2,027,475","91,149",2.43,0.08
2016-09-07,4.47,4.49,4.46,4.48,0.02,0.45,"947,565","42,410",0.67,0.04
2016-09-08,4.46,4.49,4.46,4.49,0.01,0.22,"666,516","29,858",0.67,0.02
2016-09-09,4.48,4.49,4.47,4.48,-0.01,-0.22,"513,637","23,016",0.45,0.02
2016-09-12,4.45,4.46,4.42,4.45,-0.03,-0.67,"1,124,970","49,950",0.89,0.04
2016-09-13,4.45,4.45,4.42,4.43,-0.02,-0.45,"591,405","26,218",0.67,0.02
2016-09-14,4.42,4.43,4.35,4.37,-0.06,-1.35,"775,428","34,006",1.81,0.03
2016-09-19,4.37,4.41,4.36,4.40,0.03,0.69,"505,692","22,162",1.14,0.02
2016-09-20,4.40,4.40,4.38,4.40,0.00,0.00,"448,938","19,692",0.45,0.02
2016-09-21,4.39,4.42,4.37,4.41,0.01,0.23,"645,209","28,361",1.14,0.02
2016-09-22,4.42,4.45,4.41,4.44,0.03,0.68,"757,873","33,593",0.91,0.03
2016-09-23,4.44,4.46,4.43,4.44,0.00,0.00,"525,771","23,375",0.68,0.02
2016-09-26,4.44,4.45,4.41,4.41,-0.03,-0.68,"692,877","30,695",0.90,0.03
2016-09-27,4.41,4.45,4.39,4.44,0.03,0.68,"457,161","20,194",1.36,0.02
2016-09-28,4.44,4.44,4.42,4.43,-0.01,-0.23,"294,608","13,053",0.45,0.01
2016-09-29,4.43,4.44,4.42,4.44,0.01,0.23,"427,133","18,928",0.45,0.02
2016-09-30,4.43,4.44,4.42,4.43,-0.01,-0.23,"260,570","11,547",0.45,0.01
2016-10-10,4.43,4.46,4.43,4.46,0.03,0.68,"784,850","34,847",0.68,0.03
2016-10-11,4.46,4.46,4.44,4.45,-0.01,-0.22,"553,427","24,610",0.45,0.02
2016-10-12,4.44,4.45,4.42,4.43,-0.02,-0.45,"592,444","26,277",0.67,0.02
2016-10-13,4.43,4.44,4.41,4.42,-0.01,-0.23,"478,884","21,178",0.68,0.02
2016-10-14,4.41,4.43,4.39,4.42,0.00,0.00,"676,621","29,837",0.91,0.03
2016-10-17,4.41,4.42,4.36,4.38,-0.04,-0.91,"603,222","26,483",1.36,0.02
2016-10-18,4.37,4.41,4.37,4.41,0.03,0.68,"605,214","26,560",0.91,0.02
2016-10-19,4.41,4.43,4.39,4.41,0.00,0.00,"538,801","23,780",0.91,0.02
2016-10-20,4.41,4.41,4.38,4.39,-0.02,-0.45,"503,659","22,151",0.68,0.02
2016-10-21,4.39,4.41,4.38,4.41,0.02,0.46,"335,838","14,755",0.68,0.01
2016-10-24,4.40,4.45,4.39,4.43,0.02,0.45,"1,479,654","65,516",1.36,0.05
2016-10-25,4.43,4.45,4.42,4.45,0.02,0.45,"825,033","36,639",0.68,0.03
2016-10-26,4.44,4.44,4.41,4.42,-0.03,-0.67,"814,859","36,085",0.67,0.03
2016-10-27,4.41,4.42,4.39,4.42,0.00,0.00,"620,373","27,356",0.68,0.02
2016-10-28,4.41,4.45,4.40,4.44,0.02,0.45,"810,031","35,922",1.13,0.03
2016-10-31,4.42,4.44,4.40,4.43,-0.01,-0.23,"676,200","29,840",0.90,0.03
2016-11-01,4.42,4.44,4.41,4.44,0.01,0.23,"600,444","26,599",0.68,0.02
2016-11-02,4.42,4.43,4.40,4.42,-0.02,-0.45,"565,766","24,980",0.68,0.02
2016-11-03,4.42,4.43,4.40,4.42,0.00,0.00,"593,174","26,225",0.68,0.02
2016-11-04,4.42,4.42,4.39,4.41,-0.01,-0.23,"928,341","40,873",0.68,0.03
2016-11-07,4.40,4.41,4.39,4.41,0.00,0.00,"577,698","25,433",0.45,0.02
2016-11-08,4.40,4.45,4.40,4.44,0.03,0.68,"1,692,727","74,897",1.13,0.06
2016-11-09,4.42,4.43,4.38,4.40,-0.04,-0.90,"1,271,931","56,003",1.13,0.05
2016-11-10,4.42,4.43,4.41,4.43,0.03,0.68,"730,812","32,333",0.45,0.03
2016-11-11,4.42,4.43,4.36,4.41,-0.02,-0.45,"1,923,675","84,666",1.58,0.07
2016-11-14,4.40,4.41,4.39,4.40,-0.01,-0.23,"1,908,751","83,951",0.45,0.07
2016-11-15,4.40,4.40,4.39,4.40,0.00,0.00,"749,713","32,952",0.23,0.03
